INSERT INTO PRODUCT (
    LAST_CREATED,
    LAST_PRICE,
    LAST_OPERATIONS_COUNT
) VALUES (
    TO_DATE('03-13-2022', 'MM-DD-YYYY'),
    23674,
    27
);

INSERT INTO PRODUCT (
    LAST_CREATED,
    LAST_PRICE,
    LAST_OPERATIONS_COUNT
) VALUES (
    TO_DATE('04-17-2022', 'MM-DD-YYYY'),
    53657,
    22
);

INSERT INTO PRODUCT (
    LAST_CREATED,
    LAST_PRICE,
    LAST_OPERATIONS_COUNT
) VALUES (
    TO_DATE('09-03-2022', 'MM-DD-YYYY'),
    75246,
    8
);

INSERT INTO PRODUCT (
    LAST_CREATED,
    LAST_PRICE,
    LAST_OPERATIONS_COUNT
) VALUES (
    TO_DATE('05-08-2022', 'MM-DD-YYYY'),
    34674,
    17
);

INSERT INTO PRODUCT (
    LAST_CREATED,
    LAST_PRICE,
    LAST_OPERATIONS_COUNT
) VALUES (
    TO_DATE('08-07-2022', 'MM-DD-YYYY'),
    54643,
    14
);

INSERT INTO TOOL (
    CODE,
    DESCRIPTION,
    ALLOCATED,
    REMAINING
) VALUES (
    768,
    'Плоскогубцы - Послушай, если ты хочешь, чтобы я был твоим другом, то не мог бы ты перестать говорить обо мне с таким презрением? - С презрением?! - возмутился он. - Я не говорил ни слова о тебе. - Но, черт возьми, ты только что сказал, что я ничтожество. - Что это за слова? - спросил он, удивленно подняв брови. Я подумал, что это, возможно, был первый случай в жизни, когда он не знал, что сказать. Он сказал: - Ты не можешь быть никем. Ты - это ты. И ничего больше. Он был прав.',
    46353,
    22234
);

INSERT INTO TOOL (
    CODE,
    DESCRIPTION,
    ALLOCATED,
    REMAINING
) VALUES (
    197,
    'Пила - это кино о любви. О любви к искусству, к жизни, к человеку. Потрясает игра актеров, особенно игра молодых, но очень талантливых актеров. Смотря фильм, испытываешь искреннее восхищение, восторг, интерес. Очень трогательно, очень красиво, очень мило. В фильме очень много красивых, интересных, глубоких сцен. Музыка в фильме просто потрясающая. Фильм не оставит равнодушным никого, даже если смотреть его в одиночестве, потому что он трогает за душу. 10 из 10.',
    8,
    2
);

INSERT INTO TOOL (
    CODE,
    DESCRIPTION,
    ALLOCATED,
    REMAINING
) VALUES (
    263,
    'Перфоратор - это инструмент, который используется для создания отверстий в твердых материалах. Он может быть оснащен как обычным патроном, так и SDS-Plus или SDS-Max. В зависимости от исполнения перфоратора, он может иметь разную мощность и производительность.',
    786,
    467
);

INSERT INTO TOOL (
    CODE,
    DESCRIPTION,
    ALLOCATED,
    REMAINING
) VALUES (
    765,
    'Ключ на 8 - это не обычный ключ, а так называемый рожковый ключ. Рожковые ключи используются для монтажа/демонтажа резьбовых соединений с внешними или внутренними ручными рычагами управления. Ключи имеют большую длину и могут применяться при работе с трубами, когда нет возможности добраться до места крепления. Ключ на 8 имеет полукруглую форму, что позволяет работать в труднодоступных местах. Изготавливается из хром-ванадиевой стали. Такой ключ очень удобен в использовании.',
    64775,
    45236
);

INSERT INTO TOOL (
    CODE,
    DESCRIPTION,
    ALLOCATED,
    REMAINING
) VALUES (
    404,
    'Ключ на 12 - это не "ключ на 16" Если у вас ключ на 12, то и гаечный ключ тоже должен быть на 12. Т.е. если у вас в наборе есть ключ на 16, то у него должна быть ручка под него. А если есть ключик на 12, а ручки нет, то это не ключ, а так, безделушка. В наборе, как правило, нет ни одной лишней детали. Всё, что есть, должно быть для работы. И если уж вы нашли ключ на 10, то ищите и ключ на 10 (а не на 14). Ключи на 14 и 16 отличаются по длине. У ключа на 15 длина на 1 мм больше, чем у ключа на 16.',
    12435,
    6758
);

INSERT INTO TOOL (
    CODE,
    DESCRIPTION,
    ALLOCATED,
    REMAINING
) VALUES (
    856,
    'Зубило - инструмент, широко применяющийся в строительстве и ремонте. В нашем магазине вы можете купить зубило для перфоратора по доступной цене. Этот инструмент представляет собой стальное полотно, оснащенное режущими кромками. Это незаменимая вещь при работе с кирпичом, камнем. Зубило можно использовать для обработки бетона, железобетона, когда нужно удалить старую штукатурку, обои, плитку. Вы можете приобрести зубило в нашем интернет-магазине. Мы предлагаем качественные товары по доступным ценам.',
    654,
    576
);

INSERT INTO TOOL (
    CODE,
    DESCRIPTION,
    ALLOCATED,
    REMAINING
) VALUES (
    361,
    'Дрель - это одно из самых востребованных и полезных приспособлений. Она предназначена для сверления отверстий в различных материалах. С ее помощью можно сверлить в бетоне, металле, дереве. При этом дрель имеет специальный патрон, который позволяет вставлять в нее сверла различного диаметра. Для того чтобы сделать правильный выбор дрели нужно знать некоторые правила.',
    364,
    57
);

INSERT INTO TOOL (
    CODE,
    DESCRIPTION,
    ALLOCATED,
    REMAINING
) VALUES (
    536,
    'Гвозди - это металлические стержни с квадратным сечением, заостренными концами, острыми гранями и головкой под отвертку. Гвозди используются при склеивании дерева, картона, бумаги, кожи, металла, для соединения деревянных реек и для других различных работ. Головка под отвертку обеспечивает удобство при работе с инструментом. В ассортименте представлены гвозди длиной 25 мм, которые используются в строительстве, мебельном производстве, столярном деле, при монтаже различных конструкций.',
    125254,
    64644
);

INSERT INTO TOOL (
    CODE,
    DESCRIPTION,
    ALLOCATED,
    REMAINING
) VALUES (
    654,
    'Молоток - это необходимый инструмент для любого мастера. С его помощью можно придать прочность какой-либо из деталей, или же наоборот, ослабить ее. Молоток отлично подойдет для работы с кожей, деревом, металлом, бетоном и другими материалами. Рукоятка изготовлена из дерева, что делает ее очень удобной в использовании. При помощи молотка вы сможете выполнить большое количество работ. Инструмент имеет небольшой вес, благодаря чему работать с ним будет очень легко. Характеристики: Материал: дерево, металл.',
    768,
    78
);

INSERT INTO TOOL (
    CODE,
    DESCRIPTION,
    ALLOCATED,
    REMAINING
) VALUES (
    232,
    'Отвертка - это инструмент, который является обязательным в каждом доме и гараже. Это универсальный и незаменимый предмет во многих ситуациях. Она состоит из рукоятки и рабочей части, которая может быть различной. Для того чтобы отвертка не сломалась в самый ответственный момент, необходимо правильно подбирать рабочий инструмент. Необходимо знать, на что стоит обращать внимание при выборе отвертки. В первую очередь, рабочая часть – это стержень, который может быть выполнен из различных материалов.',
    12,
    4
);

INSERT INTO DRAWING(
    CODE
) VALUES (
    17
);

INSERT INTO DRAWING(
    CODE
) VALUES (
    453
);

INSERT INTO DRAWING(
    CODE
) VALUES (
    13
);

INSERT INTO DRAWING(
    CODE
) VALUES (
    2
);

INSERT INTO DRAWING(
    CODE
) VALUES (
    131
);

INSERT INTO EMPLOYEE (
    FIRST_NAME,
    SECOND_NAME,
    MIDDLE_NAME
) VALUES (
    'Бобров',
    'Пантелеймон',
    'Никитевич'
);

INSERT INTO EMPLOYEE (
    FIRST_NAME,
    SECOND_NAME,
    MIDDLE_NAME
) VALUES (
    'Исаев',
    'Пантелей',
    'Борисович'
);

INSERT INTO EMPLOYEE (
    FIRST_NAME,
    SECOND_NAME,
    MIDDLE_NAME
) VALUES (
    'Мухин',
    'Любомир',
    'Миронович'
);

INSERT INTO EMPLOYEE (
    FIRST_NAME,
    SECOND_NAME,
    MIDDLE_NAME
) VALUES (
    'Одинцов',
    'Емельян',
    'Лукьевич'
);

INSERT INTO EMPLOYEE (
    FIRST_NAME,
    SECOND_NAME,
    MIDDLE_NAME
) VALUES (
    'Быков',
    'Леонтий',
    'Павлович'
);

INSERT INTO EMPLOYEE (
    FIRST_NAME,
    SECOND_NAME,
    MIDDLE_NAME
) VALUES (
    'Мухин',
    'Агафон',
    'Гордеевич'
);

INSERT INTO EMPLOYEE (
    FIRST_NAME,
    SECOND_NAME,
    MIDDLE_NAME
) VALUES (
    'Блинов',
    'Рудольф',
    'Рубенович'
);

INSERT INTO EMPLOYEE (
    FIRST_NAME,
    SECOND_NAME,
    MIDDLE_NAME
) VALUES (
    'Соловьёв',
    'Любомир',
    'Серапионович'
);

INSERT INTO EMPLOYEE (
    FIRST_NAME,
    SECOND_NAME,
    MIDDLE_NAME
) VALUES (
    'Никонов',
    'Лев',
    'Денисович'
);

INSERT INTO EMPLOYEE (
    FIRST_NAME,
    SECOND_NAME,
    MIDDLE_NAME
) VALUES (
    'Логинов',
    'Бенедикт',
    'Даниилович'
);

INSERT INTO WORK_ORDER(
    CODE
) VALUES (
    12546
);

INSERT INTO WORK_ORDER(
    CODE
) VALUES (
    7546
);

INSERT INTO WORK_ORDER(
    CODE
) VALUES (
    1436
);

INSERT INTO WORK_ORDER(
    CODE
) VALUES (
    65258
);

INSERT INTO WORK_ORDER(
    CODE
) VALUES (
    5889
);

INSERT INTO DEPARTMENT(
    NAME
) VALUES (
    'Цех "A зори здесь тихие"'
);

INSERT INTO DEPARTMENT(
    NAME
) VALUES (
    'Цех "Девчонки"'
);

INSERT INTO DEPARTMENT(
    NAME
) VALUES (
    'Цех "Синий платочек"'
);

INSERT INTO DEPARTMENT(
    NAME
) VALUES (
    'Цех "От улыбки"'
);

INSERT INTO DEPARTMENT(
    NAME
) VALUES (
    'Цех "Пачка сигарет"'
);

INSERT INTO OPERATION (
    DEPARTMENT_ID,
    DRAWING_ID,
    DESCRIPTION,
    DURATION,
    NUMBER_OF_RESOURCES
) VALUES (
    1,
    2,
    'Операция 1',
    TO_DSINTERVAL('80 12:30:00'),
    34
);

INSERT INTO OPERATION (
    DEPARTMENT_ID,
    DRAWING_ID,
    DESCRIPTION,
    DURATION,
    NUMBER_OF_RESOURCES
) VALUES (
    2,
    1,
    'Операция 2',
    TO_DSINTERVAL('69 17:35:00'),
    44
);

INSERT INTO OPERATION (
    DEPARTMENT_ID,
    DRAWING_ID,
    DESCRIPTION,
    DURATION,
    NUMBER_OF_RESOURCES
) VALUES (
    3,
    4,
    'Операция 3',
    TO_DSINTERVAL('10 00:00:00'),
    21
);

INSERT INTO EXTRADITION (
    PRODUCT_ID,
    EMPLOYEE_ID,
    OPERATION_ID,
    WORK_ORDER_ID,
    ISSUED_QUANTITY,
    EXTRADITION_DATA
) VALUES (
    2,
    4,
    2,
    1,
    4,
    TO_DATE('03-07-2022', 'MM-DD-YYYY')
);

INSERT INTO EXTRADITION (
    PRODUCT_ID,
    EMPLOYEE_ID,
    OPERATION_ID,
    WORK_ORDER_ID,
    ISSUED_QUANTITY,
    EXTRADITION_DATA
) VALUES (
    3,
    2,
    3,
    4,
    1,
    TO_DATE('09-24-2022', 'MM-DD-YYYY')
);

INSERT INTO EXTRADITION (
    PRODUCT_ID,
    EMPLOYEE_ID,
    OPERATION_ID,
    WORK_ORDER_ID,
    ISSUED_QUANTITY,
    EXTRADITION_DATA
) VALUES (
    4,
    1,
    2,
    3,
    5,
    TO_DATE('12-31-2022', 'MM-DD-YYYY')
);

INSERT INTO CLIENT_ORDER (
    PRODUCT_ID,
    CREATE_DATE,
    RECEIPT_DATE,
    PRODUCT_COUNT
) VALUES (
    3,
    TO_DATE('11-02-2022', 'MM-DD-YYYY'),
    TO_DATE('11-08-2022', 'MM-DD-YYYY'),
    17
);

INSERT INTO CLIENT_ORDER (
    PRODUCT_ID,
    CREATE_DATE,
    RECEIPT_DATE,
    PRODUCT_COUNT
) VALUES (
    2,
    TO_DATE('02-01-2022', 'MM-DD-YYYY'),
    TO_DATE('03-01-2022', 'MM-DD-YYYY'),
    45
);

INSERT INTO CLIENT_ORDER (
    PRODUCT_ID,
    CREATE_DATE,
    RECEIPT_DATE,
    PRODUCT_COUNT
) VALUES (
    3,
    TO_DATE('02-01-2022', 'MM-DD-YYYY'),
    TO_DATE('03-01-2022', 'MM-DD-YYYY'),
    100
);

INSERT INTO TOOL_OPERATION_EXPECTED (
    TOOL_ID,
    OPERATION_ID,
    TOOL_COUNT
) VALUES (
    4,
    1,
    12
);

INSERT INTO TOOL_OPERATION_EXPECTED (
    TOOL_ID,
    OPERATION_ID,
    TOOL_COUNT
) VALUES (
    2,
    2,
    10
);

INSERT INTO TOOL_OPERATION_EXPECTED (
    TOOL_ID,
    OPERATION_ID,
    TOOL_COUNT
) VALUES (
    3,
    3,
    24
);

INSERT INTO TOOL_OPERATION_EXPECTED (
    TOOL_ID,
    OPERATION_ID,
    TOOL_COUNT
) VALUES (
    4,
    2,
    17
);

INSERT INTO TOOL_OPERATION_EXPECTED (
    TOOL_ID,
    OPERATION_ID,
    TOOL_COUNT
) VALUES (
    5,
    1,
    46
);

INSERT INTO TOOL_INSTANCE (
    TOOL_ID,
    RECEIPT_DATE
) VALUES (
    2,
    TO_DATE('01-01-2022', 'MM-DD-YYYY')
);

INSERT INTO TOOL_INSTANCE (
    TOOL_ID,
    RECEIPT_DATE
) VALUES (
    1,
    TO_DATE('01-02-2022', 'MM-DD-YYYY')
);

INSERT INTO TOOL_INSTANCE (
    TOOL_ID,
    RECEIPT_DATE
) VALUES (
    3,
    TO_DATE('01-03-2022', 'MM-DD-YYYY')
);

INSERT INTO TOOL_DEPARTMENT (
    DEPARTMENT_ID,
    TOOL_INSTANCE_ID
) VALUES (
    2,
    2
);

INSERT INTO TOOL_DEPARTMENT (
    DEPARTMENT_ID,
    TOOL_INSTANCE_ID
) VALUES (
    1,
    2
);

INSERT INTO TOOL_DEPARTMENT (
    DEPARTMENT_ID,
    TOOL_INSTANCE_ID
) VALUES (
    3,
    3
);

INSERT INTO TOOL_DEPARTMENT (
    DEPARTMENT_ID,
    TOOL_INSTANCE_ID
) VALUES (
    5,
    2
);

INSERT INTO TOOL_OPERATION_REAL (
    TOOL_INSTANCE_ID,
    DEPARTMENT_ID,
    WORK_ORDER_ID
) VALUES (
    2,
    1,
    3
);

INSERT INTO TOOL_OPERATION_REAL (
    TOOL_INSTANCE_ID,
    DEPARTMENT_ID,
    WORK_ORDER_ID
) VALUES (
    1,
    2,
    3
);

INSERT INTO TOOL_OPERATION_REAL (
    TOOL_INSTANCE_ID,
    DEPARTMENT_ID,
    WORK_ORDER_ID
) VALUES (
    2,
    3,
    3
);

INSERT INTO TOOL_OPERATION_REAL (
    TOOL_INSTANCE_ID,
    DEPARTMENT_ID,
    WORK_ORDER_ID
) VALUES (
    3,
    2,
    2
);

INSERT INTO TOOL_OPERATION_REAL (
    TOOL_INSTANCE_ID,
    DEPARTMENT_ID,
    WORK_ORDER_ID
) VALUES (
    3,
    4,
    1
);